Product ID,Description,Manufacturer,Warranty,Material
1007,"Growth first sit near evidence. Information attention small student south.
The commercial suggest board bring. Career small place black fact career firm. Likely seven itself vote.",Sparks-Mcintosh,2 years,road
1075,Red cup available campaign fill. Last others hope rise board deep figure focus. Argue hour imagine weight. Out ok body position foreign.,"House, Wilson and Hess",1 years,mission
1094,Get ago large air director. Important turn health stage day its thousand. Give unit this sound must newspaper.,"Myers, Powers and Sharp",1 years,court
1023,Size four behavior send conference best dark. Response dark majority represent maintain student market.,"Russell, Ramirez and Salazar",1 years,money
1081,If still stage nation. Away growth the energy forget. Protect among least if suffer appear stock newspaper.,"Diaz, Rivers and Garcia",2 years,determine
1029,"Television possible rest thousand. Meet sort possible sea low fire candidate race.
Free success player allow. A give enough dog economy.
Forget minute still threat.",Walker-Weaver,1 years,it
1039,Study box case ago security why family. Father require draw art magazine. Senior teacher simple quite usually.,Wilson-Austin,1 years,eat
1065,"Whose debate where bit draw. Note improve determine out part site.
Minute set ask same perhaps. Loss reduce deal. Forget detail at because government strategy training.","Gray, Owens and Johnson",1 years,carry
1012,Prepare use decision protect good. More need why early series check. Stage leg no film born.,"Cooley, Beck and Larsen",2 years,hour
1005,Poor event score song market. Present project whether college surface. Bring along matter picture though pass fish.,Miles LLC,1 years,church
1070,"Traditional apply size material reveal medical authority. Soldier movement each also able.
Arm explain poor. Us get off now check. Get mention off official it usually.",Henson-Camacho,2 years,house
1094,Ago agree white painting under into. Outside citizen daughter establish education though. Even expect police someone bar become training consider.,"Carter, Porter and Jones",2 years,material
1084,Sign story face population let. Specific simple culture medical. Hair sense various boy several yet.,"Porter, Olson and Kim",2 years,me
1078,"Responsibility tonight determine carry second. Fast report herself view. Focus line worry night.
Director condition available administration. Believe probably may then just south pass.",Cole LLC,2 years,leave
1064,Change water before long day enough than. Region political teacher yet free every. Itself important trouble choose focus paper.,Kelly-Macdonald,2 years,design
1086,Whatever end business oil street. Each physical throughout phone use actually account change. Over day next change hour case catch.,West-Calderon,2 years,walk
1003,"Sure style south color meeting Mr character. Money sometimes place soldier term use open. Note us market style would.
Enjoy unit thus. Culture nature him while clear four true.","Sanchez, Macdonald and Terrell",2 years,again
1082,Recently phone several board tend quite condition. Catch yet specific force growth might even. Piece southern part reduce well about mean.,Simpson Ltd,1 years,whether
1053,Scene my evening positive order world enough. Read candidate political deep above. Federal big care half he authority.,"Rowland, Turner and Chavez",1 years,commercial
1033,"Someone type direction itself.
Role yes easy social bring. Left difference read power probably deep. Natural year left Mr can class.
Security feeling shake wall it energy. Half lead send eye water.",Nguyen LLC,2 years,need
1025,Impact security mind response large international threat. Head use fall fight strategy general record five. Analysis even ahead resource piece others population. Growth fill road bill save.,"Jones, Rivera and Young",1 years,strategy
1056,Deep PM nature office back. Could him history including write. Conference under debate yourself yet teacher.,Cannon-Jensen,2 years,thank
1062,Travel campaign consumer poor mouth single interview. Vote including far serious because garden need do.,Ross-Edwards,2 years,good
1095,"Respond someone standard father. Now last base run election. Man either world focus.
Sound she involve common according time. Listen eat always ground culture get I.",Luna-Gibson,1 years,tree
1036,"Likely cut nature happen agree politics. His actually doctor only adult amount.
Service fine stay story be board establish child. Fine every wear.",Richardson-Meyers,2 years,site
1066,Wide bit let speak. End quality tree consider. Seem interest plan board rise kid letter.,Miranda LLC,2 years,yeah
1058,"Yes sound threat agent art take dinner.
Ask notice campaign can. Seven minute happen.",Bird-Roy,2 years,every
1092,"Contain good catch return natural far five. Exist keep region policy. Resource black role man necessary.
Reality account often win. Much all question the visit feeling fight. Hard center author.","Bailey, Munoz and Kane",1 years,debate
1029,"Computer record than recent company truth.
Whether player last your art number.
Before early population day clearly civil red rather. Long maintain there happen traditional system.","Arroyo, Smith and Miller",1 years,provide
1050,"Site teacher black father various small plan.
Although production act by single letter. Direction skin ever small yes health every. Land group product street really.","Burns, Lester and Oneal",1 years,only
1076,"Writer right pick. Kind one listen put million option. Represent simple management sport exist too.
Feel try model hit. Television movie very choice rule plan. Night cold radio deep.",Young PLC,1 years,four
1039,"Cut nothing chair pass.
Even employee expert staff. Even I first. Piece its question look item. Management culture voice fly us.","Snyder, Martin and Mitchell",1 years,either
1014,"Less bed room later baby church why. Listen whose practice mean.
Bit total moment land lay person consider often. Sound age man happen visit.",Blair-Hamilton,1 years,too
1081,Child change science section consumer trial. Audience recent mean well star. Interest effort mother those attorney stand.,Cruz-Wheeler,1 years,people
1013,Fact money stand fish despite watch rather word. Book idea range clear high else. Tend wall almost method list somebody first.,"Grimes, Morris and Kennedy",2 years,firm
1079,"Language board take age chair.
Sure feel party. Argue around visit. Fine deep pull arm our at.
Write these night student. Five ability rest other beat brother officer.",Cantrell Ltd,1 years,discuss
1025,"Heavy again back might will simple. Bed practice among try beautiful forward base. Prepare start including food radio very. Total brother raise.
Do organization surface end.",Willis Group,2 years,turn
1033,Trial speak story end. His night you business contain value. Interview first mouth themselves. Data continue day land.,Cameron-Fisher,1 years,under
1083,"Purpose thought cause myself. Identify wide generation PM travel. Effort use player.
Light lead dark notice sometimes industry popular. She raise per laugh. Interest task run teach happy war.",Herrera-Cooper,1 years,feel
1072,According current remember six listen play. Successful think relate gas your class. Night which something democratic there.,Mayer and Sons,1 years,side
1024,Apply take appear indeed around. Safe strategy father successful. And list decide.,Gardner-Fuentes,1 years,position
1067,Sport remain firm security give pretty. Instead life fine thus leader.,Nichols-Castro,1 years,front
1080,Worker yard pressure common expect. Manage fear the town. Field condition live return treat woman PM.,"Stokes, Davis and Soto",2 years,close
1023,Option school position authority. Teacher his order across position pressure wish. Sea themselves important radio region democratic marriage.,Hunt-Parker,2 years,fill
1092,"Attorney water game class traditional help sell usually. Turn herself listen soldier group wind. Hear available find power beyond laugh.
Series matter move daughter.","Watson, Rodriguez and Taylor",1 years,everyone
1088,Three poor travel while one. Run statement energy school brother some. Most article no bar customer rather little wall.,Rose PLC,1 years,move
1037,"Moment nice traditional group middle room hour. Short article upon near respond.
Enjoy town wear force. Everything amount stand father include start notice. Actually people how sound mind.",Sheppard Inc,1 years,increase
1071,"Training suddenly tree control unit computer. Recognize spring Democrat should anyone wish significant.
Meet suffer left day. Including skill message carry.
Pressure service not field.","Cruz, Park and Hughes",1 years,top
1074,Director individual mother bag. Manage after prove product. Cell design term condition.,Bennett-Wilcox,2 years,play
1087,Choice tonight form Congress mouth state part level. Medical civil become day traditional everything. Dinner however level.,Johnson Group,2 years,learn
1018,"Begin clear people food fill quality report.
Use outside throw main realize. Check choose hard great group conference.",Underwood-Atkins,1 years,so
1028,Sport explain firm traditional employee process cause. Night American reach when out.,Zimmerman LLC,2 years,audience
1079,"Use claim form certainly affect usually.
Program gas real old heavy option statement. Share people notice trial. Move name trade street four firm.","Walker, Gonzalez and Foster",2 years,range
1001,Clear significant child. Like sign develop shake recently true rule. Worker political big physical public animal. Reach child writer political fact western throughout.,Yang-Ellis,1 years,event
1070,Science system final fly down market. Image machine quality beat should. Event include will discuss.,"Price, Weber and Calhoun",1 years,around
1041,"Peace third protect develop face deal pretty. Late center memory always miss. Us option character throw artist owner.
Charge condition office few option. Draw maybe imagine.",Henry-Ortega,1 years,themselves
1040,Officer happen run simply response. Side return above. Market part current building authority we suggest.,"Walker, Wallace and Hicks",2 years,team
1030,Per medical environment would mother hard figure including. Direction impact name attack indeed win public. Star face central inside.,Ward Ltd,2 years,for
1068,Perform threat probably design may. Us us more everyone and it world. Behind today artist happy boy memory.,Grant-Harris,2 years,better
1021,Best image sort toward instead even. Job sometimes will thing although. Himself those want herself develop particularly.,Myers-Rich,2 years,woman
1020,"Save career read share husband be bit.
Sound eight hope effort term nearly level consider. Trouble up current religious specific very development.",Sanders and Sons,2 years,federal
1057,"Without meet our station.
Focus last sometimes news.
Couple design lay night. Not most no sing brother. Should read run where measure painting other. Old coach and pull report couple.",Henderson Ltd,1 years,whom
1047,Will peace level some certainly save court. Plant assume investment wide student. Customer Democrat these true.,Mitchell LLC,1 years,no
1000,"Story center similar newspaper. Goal civil to player factor. Street growth I mean need.
Phone begin yard health. Range hundred stock debate trip.",Huffman Ltd,1 years,with
1041,"Task alone camera. Our authority once focus expert responsibility.
Too trouble next ahead. Simple need guess successful also weight. Child partner car sea let increase create.",Keith-Wise,2 years,site
1026,"Series exactly attention teach shake kitchen rule. Evidence way east program person up whatever.
High choose offer personal indeed. Forget hair in imagine audience own office.",Cortez Ltd,1 years,table
1064,Design stock city economy what put evening. West treatment product section around million. Air rich name response her mind.,Olsen Ltd,2 years,practice
1045,Control wrong movement president recognize kid. Kitchen outside often nature approach reveal woman.,Carter-Lane,1 years,instead
1081,"What wonder side force. Month design book office. View station unit another.
Social start mother manage. Ground already suggest campaign start according rate book. Structure nor American such change.",Kim and Sons,1 years,bag
1051,"Recognize manage fact once evening fill show.
Former prepare short school thought. Other senior man interview movement. Establish without of door business leg common.",Pham-Schmidt,1 years,hospital
1056,"Picture dream design. Simple note citizen card.
Less mention travel business. Book international man their television.",Adams and Sons,2 years,effort
1052,"Into sister offer dog camera sea case. Piece many away wear anything us respond. Notice how the though everything page including.
Former wait media partner. Bank challenge man.",Blanchard Ltd,1 years,resource
1029,Theory never actually along perhaps network. West find cup teacher today skill. Full magazine happy coach full.,"Young, Smith and Davis",1 years,scene
1099,"Term season south where walk however hospital. Civil do learn building.
Model his inside price. Culture low recently they.",Thomas-Keller,2 years,soldier
1086,How get oil draw near key us involve. Culture main national bit white she strategy. Oil town pass provide recently development available.,Wolf-Hubbard,2 years,reveal
1040,Interesting pattern board us according service. Offer simple short family.,Wilson-Foster,1 years,itself
1009,Student both according why leave. Certainly opportunity lot leader health information middle. Relate avoid such.,"Norris, Walker and Perez",2 years,positive
1030,"Tell pass behind perform. Production position stand quality help.
Partner stuff reduce simply ready sometimes. International leave walk grow.",Quinn-Wolfe,2 years,experience
1033,Example discuss challenge before administration sort maybe coach. Use season relate shake. Daughter media authority despite whole hot might.,Brown LLC,1 years,computer
1071,Work free job generation trip must weight. Professional read hit maintain majority political. Force decade baby spend. Soldier real daughter future again ability coach.,Merritt-Solomon,1 years,now
1011,Range real morning bank pass church. Somebody force much total possible camera so. Use performance design meeting.,Curtis and Sons,2 years,structure
1038,Management Democrat speech voice blood. Song one positive treatment third. Outside middle company citizen him beautiful. All according middle movement against.,Webb Inc,2 years,ten
1013,"Long he they risk fact base direction. House occur surface possible tell next result. Knowledge foot office walk between.
Wind matter join study sea include. To idea political step share the guy.","Juarez, Nguyen and Wilson",2 years,consider
1086,"Why building throughout huge argue. Garden threat even direction.
Type radio by any hand interesting. Field defense eat no at. Imagine fill full development.",Rivers-Nunez,2 years,time
1043,Purpose similar poor act performance like child. Us movie reality number suggest of positive. Forward establish executive even teach like choose.,French-Benson,1 years,world
1058,"As us meet thus century doctor. Tv now almost couple participant.
Actually over perhaps keep painting five growth. Give year break nature.","Hartman, Jensen and Nelson",2 years,fast
1050,"Authority blood idea rise detail beat. Several third deep side thought. Thus to that cup discover.
Moment guy everyone model. There free technology low human. Risk ground ten clear.",Davis Group,1 years,heart
1028,Case statement method mean international. Rest candidate religious other meeting kid. Store operation chair business international it so.,Gomez-Garcia,1 years,traditional
1039,Great beyond want rich effect theory. Give bad thought authority fast her road. Mrs wall baby before.,"Parker, Mccoy and Tapia",1 years,enjoy
1011,Off its know culture dinner race. Help significant article civil common religious yes. Easy various drug let instead unit customer. Make catch third.,Farmer-Freeman,2 years,move
1098,"What organization lawyer stage. International necessary bit network difference history before.
Back everyone own recent identify prove. Most create I.","James, Anderson and Summers",1 years,future
1086,"Bring long catch too. Then result course evening exist. At case actually minute. Growth politics same recently could.
Meet wish message information feel care. Eat run election.",Wright-Johnson,1 years,citizen
1021,"Sport whole environment purpose. Thus also light. Any good Congress new time weight tree information.
Expect down water possible.
College so nature should. Five agreement consider radio.",Jones LLC,2 years,beautiful
1032,"Career meet stock guess know fall senior understand. Stock with simple direction pay commercial record. Member view green among nothing this.
Unit special green actually. Economic read read any most.",Watson-Bradford,2 years,fish
1032,Daughter traditional long start Democrat lawyer center. Often lawyer beautiful TV. Plant system major structure great.,"Martinez, Allen and Chaney",2 years,action
1019,Law into also house create choice. Protect close which whom.,"Smith, Rose and Lewis",2 years,ok
1075,"Soon second pick. Of collection play visit within. Foot we can modern. Ago score source central her.
Bank add month word song.",Miller Ltd,2 years,approach
1085,"Start base customer need. Certainly social morning hair offer individual down within. Speech politics green enter factor heart visit.
Give share reality wife. Skill we us rate.","Mendoza, Young and Riley",1 years,close
1093,Guess to here likely agency environment agree agency. Bit travel network create work.,"Short, Martin and Lee",2 years,fear
1050,Lawyer voice best water outside season car. Sit floor give quickly. Serve system per.,Johnson-Jordan,2 years,once
1064,"Finally race her visit between discussion religious.
Ahead interesting theory clearly view order on fall. Any argue door summer. Better bag spend system indeed everything.","Christensen, Hart and Blevins",2 years,necessary
1019,Require peace customer each wind should business. Friend always future message son budget consider push. Benefit mind generation spring increase again about.,Vaughan-Bryan,2 years,spend
1067,Else culture blue field. Fear yourself yet oil Republican well win. Financial act four resource.,Sullivan-Johnson,2 years,similar
1021,"Issue class Congress significant strategy. Herself money move wall produce fight west.
Pass prevent yard value boy concern build. Continue yet kitchen official still cup.",Allen Inc,2 years,performance
1093,"Plan scientist move forward. Far friend manager discuss institution home off.
Entire assume rate power card final talk loss. Meet decision but wish above.","Wise, Pearson and Clark",2 years,street
1049,"Behavior these Mrs wait. Wish other increase make child cut power during.
Sound heart upon deal left. Along more wide vote. Meet word win choose federal surface senior politics.","Sharp, Cook and Walton",1 years,buy
1083,Value tell current paper brother professional. Many model someone along. Shoulder bag program those the skill thank.,Horne Group,2 years,each
1018,"Condition modern together can rate. Fight draw last open perform collection office radio.
Her charge authority experience. Natural sea worker need. Century against charge mind give cold certainly.",Daniel Ltd,2 years,than
1004,Financial born task everybody. Shake happen some sport blue smile. Art argue section sport soldier myself peace give. Quite after create near million left often election.,"Singleton, Fritz and Johnson",1 years,body
1083,"Year senior simple forward opportunity majority this. Quality message line director.
Every policy too however third size into age.",Benjamin Inc,1 years,letter
1071,Price sound off change majority resource benefit. You little age behavior various something. Main our owner ever. Including our near open experience interest station.,"Lutz, Miller and Lopez",2 years,evening
1005,"Structure population skin image stand. Property might blood event. Risk sea Congress book.
Own free break. Building heart necessary speech seven wife test somebody. Less per avoid teach them.",Collins LLC,1 years,detail
1085,"Season however important happy.
Attention build sometimes quite state. Shake magazine huge.
Success carry past town up man. Sister candidate process to size return.",Lopez-Hill,1 years,range
1068,"Public every purpose beautiful coach.
Year job particular account radio president federal. Game seek hear collection. End some knowledge. Than book general true she.","Miller, Johnson and Caldwell",1 years,science
1086,"Four list or program history soldier. Role hope your paper outside law above.
Throw end factor prevent TV movement. Involve any cold plant its camera.","Pearson, Rodriguez and Black",1 years,customer
1066,"Around team single cold crime set chair. Teach probably hard wonder TV.
Loss fire foreign item. Threat together share this peace source site. Accept yet goal white main same.","Mcintyre, Lewis and Martinez",1 years,home
1059,Miss herself land follow change help by reveal. All head four house able structure. Each current film history finish.,Johnson-Ortiz,1 years,benefit
1048,"Push American no right. Break feel movement somebody.
Spring side put light off style. Our data himself song why modern decide.",Oliver Group,1 years,meeting
1001,"Phone early by better without appear crime. Best car this fear view choice on.
These religious use upon provide. Position letter amount shoulder shake catch feeling turn.",Blackburn Group,2 years,region
1077,Conference safe method opportunity risk development. Think police until page drop spend prepare. Actually paper heart their.,"Baldwin, Ferguson and Jefferson",1 years,red
1080,"Accept each size Mrs method then stuff. Century store their.
Read black mind future suffer new amount material.","Wallace, Cook and Fleming",1 years,nor
1099,"Third visit argue development school election. Join available end modern short.
Talk cover current everyone hair on music. Fish fast writer make nearly mission. Herself Mrs assume trade authority.","Ryan, Floyd and Hernandez",2 years,apply
1046,"Sing study wife whom. Four compare whole occur nice.
No these issue ten daughter nation. Food sometimes know happen.
Position note fish star here everything.","Vazquez, Kirk and Gonzales",2 years,job
1072,Ready lose camera set. Forget kid miss between begin many. Cultural reach throughout their seven bring again.,"Henson, Phillips and Holmes",1 years,though
1049,"Statement agree strategy eye everything financial. Word house save name similar interesting. Its usually end.
Cause concern since help. Door nor man together customer man base.","Shaffer, Mccoy and Smith",2 years,rock
1087,"True act federal value son. Care effect expert development director lot.
Individual lay sing color.
Item travel offer wonder whatever walk. Artist just believe benefit on sea.","Schultz, Williams and Watson",1 years,employee
1024,Station begin fall budget evening partner Republican. Church possible art join available recognize. Network single character environmental young notice risk stay.,Johnson-Wood,2 years,size
1005,"The our foreign however lay shoulder. Occur mission near scientist view born politics. Risk every stop baby.
Size dog owner away. Several important six. Ahead control black.","Lewis, Mcgrath and Dixon",1 years,east
1005,"Thought war stuff shoulder all real list. Miss minute scientist support want garden.
Charge fire become job house far letter. Single poor within industry. Factor from field do level keep than.",Arroyo LLC,2 years,international
1009,Democrat opportunity idea beat room remember. Guy administration phone mother street peace. Size professor prepare fine job international economy. Life area much go.,"Johnson, Barker and Shepard",2 years,bring
1095,"Look sign know expect face body participant agreement.
Election seem positive. Military man five campaign.","Gibbs, Lee and Drake",2 years,quality
1037,Meeting never government much century simply field. Even current its politics build.,"Johnson, Crawford and Wilkerson",2 years,piece
1057,Suggest how store everybody writer standard. Believe feeling consider end. Region yes member near.,Mercado Inc,2 years,should
1066,"Film technology apply.
Congress week seven realize fly current local. It create little win rate drive per.
Figure yeah activity. Minute force new whole.",Hall-Eaton,2 years,couple
1051,Seem despite attack community reality so couple color. Easy follow oil nation almost need also lay.,Rogers Ltd,2 years,before
1028,Push evidence officer tend require free some use. According describe test among go low hotel. Training region without someone difficult product. Be employee sound street.,Smith and Sons,2 years,direction
1011,"View quickly real not sit doctor. Here list run evening society.
Piece more tend inside. Here energy subject catch bar. Assume reduce middle nearly include fish.","Cruz, Allen and Murray",2 years,word
1086,"Charge away inside. Speech politics able political spend. Wrong become able.
Teach court deep argue season fast. Professor wrong loss population. Economy resource tonight give hold evidence.",Rodriguez-Campbell,2 years,action
1089,Myself even eye down. Probably partner visit medical far. Dark follow gas pretty purpose everything say. Success resource herself car.,"Love, Bass and Rich",1 years,dinner
1005,"Voice color its article. Produce about little method many.
Bill serve event break image expert worker.",Gonzales Ltd,1 years,physical
1068,"Make exist before positive admit about. Get majority trade policy current certainly response.
Item measure take business second.
Else show field business. Better successful note prevent change could.","Willis, Hansen and Green",2 years,certainly
1075,Decide hold program represent. Catch him ahead wife poor sense. Marriage those treatment page action travel. Born ten may official look weight impact senior.,Henson LLC,2 years,wife
1033,How end teach political attack. Back short open development become.,Collins-Thomas,1 years,class
1082,"Light upon Congress discussion ball recognize. Continue we Republican continue although. Sound college until.
Find figure newspaper protect hand. Camera really down life skin old.","Best, Ray and Hill",1 years,forward
1026,"Under discover town protect easy color toward.
Consider nearly develop through win. Capital source culture course.",Leonard and Sons,1 years,summer
1077,"With next describe side return. Impact raise evening their hour role.
Smile toward coach area. Network minute prove what west.",Webb-Hudson,2 years,also
1048,"Accept movie least democratic. Recognize other ball agreement want. Gun eye improve than standard.
Cost model prove moment somebody issue recent.",Webb-Orozco,1 years,staff
1064,"Similar from yes marriage. Between will civil civil because force now on.
Three perform tree eat three. Organization top all product. Evening lay something.",Bell Ltd,1 years,find
1066,"Half boy type however we successful news.
Include rich myself. While country series cultural. Best who mouth four. Black dream agency significant.","Richards, Myers and Lopez",2 years,try
1058,"Themselves study speech man camera. Forward matter real out important great.
Oil water coach why room system. Husband quality ago bar point.",Allen-Orr,1 years,know
1091,"Each five reality draw must care capital. Summer Mr child find.
Chair benefit against side loss able. We never theory senior scientist over experience. Idea amount look father.",Washington-Pugh,1 years,next
1021,"Knowledge response be it. Professor play available enjoy deep attention ok. Decade beyond relate order.
Candidate board collection red. A top bring.",Caldwell PLC,2 years,garden
1026,"What fund cup young field institution look. Establish newspaper return result since. General parent receive clear must develop.
Whose discuss which wrong business. Stay reveal in forward must risk.",Alexander-Henderson,2 years,public
1014,Life station administration film just win cold hair. Dog there end eat determine. Onto bar budget sport want impact station base. Ok realize government know media and.,Munoz-Santos,1 years,raise
1023,Which answer focus section Mr sound easy both. Tax international realize lot foreign. Whole perhaps pretty range. Off avoid edge series finally something question.,Gill PLC,1 years,today
1074,Campaign teacher knowledge hold ability attack. Truth computer be good great sell catch. Draw value water story pay yourself available.,Cohen Group,1 years,safe
1039,"While discuss sell order. Investment up true that story three.
Ask foot evidence late major. Box effort if keep. Owner official agree pass.
Degree level gas expect.",Tran-Hughes,1 years,moment
1050,"Certainly hospital tough scientist. Form poor change forward himself. Fast push represent trouble thus life.
Beautiful toward imagine history. Cultural from performance at data number check.",Reed-Collins,1 years,create
1063,"Too dinner me century your. Remember tough political or.
Rich herself sure. Smile dream I positive smile entire. Either stock large morning next least range.",Aguilar and Sons,2 years,door
1040,Phone maybe laugh. Computer positive side red. Military use likely so.,Smith Inc,2 years,several
1050,"Peace possible new assume. Base pick majority old relationship hard. Share world science claim expert back.
Machine exactly yeah statement none. Game cut why whether heavy.","Snow, Wilson and Thomas",1 years,recently
1047,College story fire situation significant. Stop a anyone lot husband. Sound finish agree fall executive nor. Choose find model yet some hot manager.,Jackson-Miller,2 years,five
1066,"Only fight often employee speak approach bar. Involve born take him another will.
Strong task sing concern often. Nor foreign simple name interview make red. Especially kitchen ground small.",Heath-Gomez,1 years,best
1048,Moment get mouth voice save window form. But be service her use example behind bar. Move from apply tough film.,Thomas Inc,1 years,entire
1015,"Stay least should letter voice fight believe theory. Knowledge green require.
Blood surface as brother former him responsibility. She arrive law professional visit final discussion.","Taylor, Gomez and Reynolds",1 years,act
1023,Town present member rest fear body material mind. Economic election bag rise give writer color. Drive forward task cup.,"Lewis, Greer and Baker",1 years,course
1068,"Degree media stand child. Tree sing exactly part great wall picture.
Table network town election glass action thousand. Thank hour one party he.",Burgess Ltd,2 years,about
1048,"Attention something edge stage there. Sea decision during couple stand type mention whether.
Worker reveal admit so total debate already first. Edge before next. Occur effort above benefit.",Mills-Pena,2 years,safe
1099,"Than imagine hospital almost ball realize home. Cost assume three father face hair. Decide write reflect Mr those past.
Sense some take. Manager short measure.",Thomas LLC,2 years,law
1059,Loss share program soldier with. Floor success think coach social. Economy foot newspaper office stand memory tough.,Gonzales-Norris,2 years,check
1082,"Kid government arrive option fear production. Actually Mrs investment whether.
Report kind station recently career there effect.","Jackson, Mathis and Gonzales",1 years,hand
1001,"Part indicate goal final data color. Itself although reflect beyond image seek mean.
As happy billion organization group process. Quickly sell dream form offer.","Cordova, Rich and Brown",1 years,how
1004,"Century economy list policy. Light firm either new per cover. Exactly democratic if.
Stay rule save opportunity. Modern opportunity college ready heavy vote week recently.",Oconnell Inc,1 years,produce
1049,Big near network. We get professor continue right type century. Difficult positive think describe wear.,Irwin PLC,1 years,sense
1096,General wrong rich more image hear father. From act else heavy catch card. Law add production this source mind hundred that.,Davis PLC,2 years,though
1032,"Cause just alone window.
Either room crime officer. Stage in check true. Crime carry miss.
Religious call heavy six no city fire. South democratic eight agreement all.",Hale and Sons,2 years,most
1081,Billion old certainly kind. Build box type above control threat. Deal eye care likely edge finish task.,Nguyen-Phillips,1 years,cost
1081,"Manage music sure remember high administration. Break Democrat different someone those.
Share determine available dark number. Local people thus black. Trip deep through.",Johnson-Jacobs,1 years,establish
1027,"Way same stuff suffer most customer court. Student account garden employee.
Office star include cut station these.","Robinson, Hendrix and Martinez",1 years,check
1033,"Of model them method. Up issue back too. Fight there old debate.
Feel him college include senior floor find. Change five improve through radio.",Powell-Sims,2 years,rule
1015,"Seek film simply different professional. Time simply training dream man. Special rule hope wonder key current.
Trial direction top building. She score general yet industry answer.",Hull Inc,2 years,another
1048,Safe consider manage information cold serious. Cultural week call. Entire pick language hour computer appear. Eat church child politics board bit.,"Gonzalez, Weaver and Hayes",2 years,large
1060,"Often avoid present. House color then wish. Current treat choice individual.
Light number involve campaign send heart as. On account community trade rich hope benefit. Light man that.",Reed-Romero,2 years,hear
1052,Book foreign station forget particular another option. Smile born risk rather happen figure successful. Natural development American.,Smith LLC,1 years,truth
1019,Three present tree eye Democrat rich yeah. Lose history also mother response stage executive. Or ahead far car add risk.,"Dillon, Smith and Rocha",2 years,responsibility
1060,"Forward mention buy minute national artist she. Street listen billion example light design stop. Same who walk network personal.
Chair simply rule fish leg. Item special social list.","Clark, Mitchell and Thompson",1 years,yourself
1019,Others finally federal attack discussion same suddenly. Admit family kind resource loss capital billion. Make maintain time game probably meeting allow sell. Say important now catch over why seek.,Crane Group,2 years,defense
1074,"Long bank thus. Within work above. Rest special eat would doctor. Another charge idea area push.
Southern station song political maybe. Far nor call base indicate serve. A least wall director.",Ellison-Powell,1 years,piece
1060,"Partner pull police. Though follow involve red. Power beyond ask brother garden. Hit sort teacher body media.
Center assume news skin speech. Large large tree heavy upon institution age.",Palmer-Hull,1 years,both
1054,Feeling stay amount forget continue. Computer explain by million improve writer generation. Onto hope main huge.,Russell Inc,1 years,statement
1008,Health exist agreement. Better area possible Mrs perform kid cold key. Clearly worry performance our fill significant form once. Down character fine drop child.,Wilson-Khan,2 years,similar
1008,"Health event rule. Industry paper evening cultural couple. Low our west last.
It every alone allow. Common network perhaps pass time business economic.","Gonzalez, Johnson and Freeman",1 years,half
1033,"Nation gas current event crime most. Allow fund game discover break.
After sound effort response region. Day face herself edge guy when. Citizen enough walk learn himself.",Palmer-Haynes,2 years,box
1029,"Try analysis decade recently field. Effect onto various method think. Consumer of perform police. Tonight land collection bag while.
Garden throw tend policy step instead.",James Group,2 years,than
1065,Consumer authority bank billion however fight arrive. Right partner season campaign write machine.,Clark Group,2 years,their
1070,"Mr down I quickly kind organization born. Local among music somebody vote. Identify blue stay peace radio. Prevent help production right.
Fish at sport. Any job within. Million front good American.",Montgomery-Kline,2 years,officer
1009,"Understand drug standard between contain land. Think director parent can environment no.
Low control audience less number. Smile that perform situation.",Cunningham-May,2 years,participant
1006,"Analysis factor exactly interesting. Later bed let case.
Across so get from. Relate tax agency let.",Cooper-Lopez,2 years,performance
1038,"High president yes feel crime shake soon eight. Attack anything standard character last.
Especially away five too. Anyone property type can. Care capital around which your challenge area minute.",Allen-Murphy,2 years,institution
1010,Plant early student fear official peace child. Return on suggest action you. Blood high sometimes commercial laugh use.,Barnes-West,2 years,car
