Customer ID,Customer Name,Country,Email,Phone Number
2171,Michelle Patel,Nigeria,susanrios@gmail.com,382-262-0231x2638
2050,Chad Rodgers,Greenland,mwalsh@jones-brown.com,121.478.9609x86639
2145,Nathan King,Serbia,osimmons@acosta.com,+1-289-733-7416x02064
2159,George Crawford,Bouvet Island (Bouvetoya),eric49@yahoo.com,3895130648
2131,Jason Snyder,Qatar,jessica03@yahoo.com,271.528.4083
2120,Ryan Reyes,Bangladesh,joshua95@yahoo.com,001-674-590-8247x253
2181,Caitlin Young,Seychelles,rroach@yahoo.com,001-257-097-7079x60194
2107,Matthew Salazar,Burundi,garnershane@branch.org,+1-233-453-0636x32660
2103,Amanda Flowers,Taiwan,michael02@yahoo.com,1441599684
2165,Jennifer Ward,Switzerland,richard05@barker.com,(132)393-3334x00459
2120,Leslie Harrison,Hungary,tricia38@ramirez.com,+1-001-480-0077x32468
2107,Tyler Fisher,Somalia,sdavis@hotmail.com,893.217.6389x579
2155,Megan Thomas,Rwanda,sarah72@gmail.com,+1-138-775-0276x4906
2155,Andrew Smith,United Kingdom,uharris@hotmail.com,007-945-7918
2160,Gilbert Case,Ghana,brookeharding@yahoo.com,(828)069-5005
2005,Thomas Powers,Lithuania,jenkinsdonna@lester.com,774-936-9915x076
2168,James Graham,Taiwan,alyssa07@yahoo.com,579-737-9877x5188
2035,David Miller,Haiti,udavis@gmail.com,787.851.0400x1431
2014,James Williams PhD,Christmas Island,linda99@gmail.com,9625683656
2196,Kevin Anderson,Nauru,christinedelgado@hamilton.net,+1-329-123-6864x091
2132,Joseph Smith,Israel,newmantammy@gmail.com,963-436-7169x50658
2010,Kimberly Parrish,Congo,stevenesparza@brooks.com,317.914.6636
2012,Linda Wilson,Lao People's Democratic Republic,jacksonmarcus@yahoo.com,275.656.0771x46576
2020,Donna Stafford,Guinea,omarmorales@gmail.com,+1-155-772-8584x25079
2120,Dylan Avila,Sweden,destiny09@miller.com,001-088-165-1105x817
2033,Gregory Burton,Burundi,rjackson@oliver.biz,+1-028-052-5504x5309
2050,Angelica Simpson,British Virgin Islands,daniel31@ramos.net,1439053759
2089,Sherry Barnett,Northern Mariana Islands,petersonjason@gmail.com,(310)990-8149x819
2166,Susan Bray,Bosnia and Herzegovina,lorimorris@smith.net,294-984-1683x6545
2045,Daniel Patel,Sudan,zjohnson@gmail.com,(437)697-8593x7636
2196,Michael Quinn,Bhutan,lisa00@hotmail.com,+1-953-677-9692x77068
2141,Steven Robinson,Moldova,brooke09@hotmail.com,8995627934
2058,Tyler Terry,Sweden,rburke@hotmail.com,(405)923-2282
2054,Mrs. Julia Haynes,Martinique,kimberly75@gmail.com,+1-505-344-9982x904
2166,Christopher Wilkerson,Mozambique,philipgarrison@hotmail.com,(740)459-2357x144
2015,Amy Espinoza,Libyan Arab Jamahiriya,hollykent@yahoo.com,913.487.1601
2070,Tammy Moore,Armenia,zacharyjimenez@green-jones.org,160.876.4488x97128
2006,Douglas Mcbride,United Kingdom,florespatricia@gmail.com,1909661434
2169,Suzanne Carter,Indonesia,mcdanielstacy@yahoo.com,001-190-003-3895x74203
2078,Brooke Waller,Argentina,wilsonpatrick@sosa.com,001-664-974-4004x10037
2162,Mark Friedman,Uruguay,brian58@curry.net,+1-662-855-0096x441
2008,Chelsea Preston,Pitcairn Islands,tracimartinez@cline.org,001-800-663-6406
2062,David Sanchez PhD,Iraq,greenedavid@hotmail.com,001-445-081-6377x40180
2098,Dr. Adam Walker,Guinea,qcunningham@gmail.com,3416785773
2196,Brittany Scott,Paraguay,francisco12@hotmail.com,129.843.5083
2147,Garrett Tucker,Portugal,smithronald@gmail.com,4842799122
2102,Scott Dillon,Djibouti,christopher88@yahoo.com,(046)797-2803
2105,Tammy Shepard,Uganda,richardwebb@garcia.com,+1-590-025-6493x86771
2054,Shannon Perry,Mozambique,kayladavis@young.com,1997659690
2186,Kayla Huff,Maldives,rholmes@gmail.com,032.474.6173x9118
2166,Tara Faulkner,Nepal,sandersrichard@yahoo.com,+1-172-931-7988x3235
2006,Jay Wright,French Polynesia,christiankimberly@thomas.org,001-464-203-8860x1830
2133,Amy Mitchell,Israel,tammy74@hotmail.com,(661)589-6363x33013
2144,Erin Reilly,Cocos (Keeling) Islands,david49@york-ball.com,1360366641
2165,David Horn,Swaziland,rodriguezkevin@king.com,916-990-2017x89073
2080,Jill Adams,Greenland,matthew61@yahoo.com,137-989-7252x76610
2179,John Ford,Argentina,michaelcox@hall-stewart.biz,(800)849-9619x52921
2010,Stephanie Martin,Kyrgyz Republic,tommywatkins@gmail.com,843.433.6622x50912
2010,Susan Flowers,Chad,msilva@hotmail.com,+1-390-245-8586
2121,Lauren Cook,Moldova,michaelbates@gmail.com,+1-682-608-9778x9266
2036,Jeremy Brown,Iraq,thompsonjames@hotmail.com,(253)751-6359
2029,Eric Martinez,Malaysia,adrian71@yahoo.com,001-633-879-4814x6952
2004,Alan Zamora,Turkey,torresjessica@gonzales.com,(576)877-1191x73812
2189,Melissa Becker,Eritrea,ybrown@yahoo.com,+1-047-010-8669
2182,Christopher Ellis,South Georgia and the South Sandwich Islands,aaronhernandez@morgan.com,2107670841
2145,Eric White,Paraguay,kimberly34@guerra-elliott.com,001-317-393-4174
2041,Valerie Simpson,Bahamas,rebeccaclements@weber-lutz.info,(601)554-4418x042
2043,Jessica Smith,Czech Republic,mterry@hotmail.com,948-854-7900x6770
2186,Corey Pratt,Russian Federation,darren64@hotmail.com,263.753.5043x179
2163,Megan Blankenship,Qatar,zedwards@hotmail.com,+1-014-147-5293x597
2172,John Bush,Ireland,amanda53@hotmail.com,(415)718-0573
2180,Jorge Wallace,Guernsey,mendezjennifer@price.com,162-566-2240x4595
2191,Darrell Lutz,Zambia,candaceolson@hotmail.com,001-710-346-0844
2162,Lisa Turner,San Marino,rodriguezsonya@lynn-moss.com,731.902.5011
2039,Jennifer Brown,New Caledonia,christopherphillips@goodman.com,764.095.2786x096
2171,Joshua Olson,Iceland,rtucker@taylor.biz,(817)969-5587x457
2040,Jose Day,Montenegro,vhowell@sims-walker.org,(707)646-9809x0028
2145,Bethany Ryan,Wallis and Futuna,kbenitez@hotmail.com,(988)012-7813
2039,Connie Jones,Venezuela,youngelizabeth@brown.org,001-180-928-7361
2140,Christine Morrison,Macao,jenniferhubbard@yahoo.com,532-410-6844x9239
2168,Angela Brewer,Lithuania,chandlersarah@gmail.com,(769)932-1368x251
2118,Anne Robinson,Rwanda,andregonzalez@gmail.com,001-594-417-9657x532
2068,Audrey Randolph,Suriname,levans@yahoo.com,(823)622-2287x66788
2032,Katie Kidd,Zambia,paulfrederick@kelly-olson.com,355.780.6542
2085,Dana Rogers,Estonia,judithavila@hotmail.com,+1-493-245-9668x84362
2118,Kimberly Berg,Moldova,robertlee@oconnor.com,+1-440-921-5202x76491
2021,Brittany Davis,British Virgin Islands,lindarobertson@yahoo.com,+1-859-054-9612x4677
2170,Philip Silva,Mali,juan89@gmail.com,244.313.6751
2092,Adam Adams,Saint Martin,christopher74@gmail.com,+1-825-614-3335
2061,Timothy Davis,Fiji,oburns@gmail.com,033-150-8669
2082,Mary Jones,Niue,xwilson@gmail.com,515-581-8306x1303
2170,Scott Johnson,Slovenia,anthony96@washington.com,997.102.5094
2143,Jenny Perez,Cape Verde,howellheather@wright.com,001-585-151-6572x409
2149,David Ray,Haiti,ctucker@hines-evans.biz,335-630-6953x0611
2127,Maria Munoz,Liechtenstein,donna71@montoya.org,(793)682-8784x224
2147,Matthew Miller,Falkland Islands (Malvinas),ashley78@duke.com,001-080-036-9495
2129,Kenneth Kramer,Heard Island and McDonald Islands,cclark@yahoo.com,4210684435
2129,Angela Taylor,Suriname,hillcharles@rodriguez.org,404-084-0780x0221
2160,Anna Petersen,Yemen,teresahall@gmail.com,093.861.5438
2181,Eric Whitney,Palestinian Territory,joseph98@bailey.com,001-886-452-4062x4584
2105,Edward Salazar,Burundi,michaelbrown@fleming-brown.com,172.002.4901
2075,Brittany Kim,Sri Lanka,michaelsalazar@yahoo.com,(191)992-5019x7317
2028,Sheila Donaldson,Heard Island and McDonald Islands,kwheeler@gmail.com,+1-651-885-8467x3238
2158,Casey Brewer,Lebanon,ewest@gmail.com,628-412-0014x846
2117,Ross Miranda,Saint Vincent and the Grenadines,bjones@gmail.com,+1-890-539-7656x638
2096,George Mendoza,Slovenia,pedromassey@sanders.biz,+1-171-865-8655x525
2140,Christopher Thompson,Cameroon,brandon37@carroll-rodriguez.biz,+1-819-220-1501x2126
2011,Christopher Charles,Chile,suzannebarnes@barton-thompson.org,001-890-925-1275x441
2034,Kristin Hopkins,Barbados,daniel29@yahoo.com,521-626-6842
2040,Rhonda Nelson,Cape Verde,virginiagreer@griffin.com,145-113-1709x549
2021,Douglas Andrews,Montserrat,mcleangina@richardson.com,9044542299
2137,Timothy Moss,Latvia,carla15@lynch.com,778-140-7190
2157,Holly Moran,Timor-Leste,gardnerallison@livingston-clay.biz,1650488075
2137,Kevin Johnson,Mongolia,zsanchez@gmail.com,001-078-600-7015x53707
2004,Megan James,Algeria,christine40@hotmail.com,596.570.2332
2048,Hannah Ramirez,Comoros,zmeyer@hotmail.com,+1-180-417-1734
2020,Jacqueline Hobbs,Antigua and Barbuda,connie53@perkins-avery.com,182-242-2266x90377
2017,Kimberly Rodriguez,Nigeria,bryansara@gmail.com,410.241.3523
2052,Jeffery Evans,New Caledonia,lauriebenitez@gibson.org,3980350111
2176,Nancy Black DDS,French Southern Territories,elliscolin@barnes.com,(283)618-5539x68236
2176,Steven Sawyer,Greece,melissa45@gmail.com,+1-572-766-6749x44592
2035,Audrey Smith,Reunion,scottsmith@wright-carpenter.com,732.400.2121
2182,Amanda Ortiz,Benin,ybarnes@harrington.com,2127578113
2120,Anthony Morris,Moldova,rachael57@hughes-hall.net,3069293533
2109,Diana Myers,Cyprus,lauren90@yahoo.com,296-662-6408
2037,Jim Valdez,Bolivia,srodriguez@fernandez.com,823-642-1316x243
2040,Randy Blanchard,Philippines,zmartinez@yahoo.com,001-199-633-4858
2088,Joseph Spears,Oman,gonzalezshane@johnson.com,001-975-450-7982x740
2046,Meghan Lee,Saint Martin,nixondiana@morris.com,(971)325-4424x5401
2156,Holly Williams,Pakistan,robertsamy@hotmail.com,(834)089-3185x54874
2047,Samuel Nelson,Armenia,jsullivan@yahoo.com,001-970-078-1840x63431
2049,Donna Barton,Dominica,laura61@noble.com,001-767-588-0391x3987
2072,James Jones,Liberia,sarahwhite@yahoo.com,001-616-721-9664x1731
2028,Meagan Yu,Vanuatu,dennis09@gmail.com,+1-891-223-8641
2184,Julia Levine,Morocco,brittanywelch@brown.biz,964.379.5947x079
2133,Valerie Smith MD,Haiti,briannajohnson@jones.biz,+1-046-073-8194x137
2054,Robert Khan,Croatia,andrewpotts@hotmail.com,578.363.7734x01982
2139,Brenda Holder,Saint Martin,olsensamantha@hotmail.com,+1-901-089-1253x4093
2162,Christian Pineda,Mauritania,ybrown@yahoo.com,001-899-388-4555x4653
2166,Richard Martin,Antarctica (the territory South of 60 deg S),boydchad@gmail.com,135-836-7112x794
2108,Michael Barnett,Palestinian Territory,rickey91@hotmail.com,(809)090-8503x668
2126,Robin Harrison,United Kingdom,ulopez@hotmail.com,633-747-8260
2148,Jacob Hayes,Bulgaria,igordon@hotmail.com,397-923-4067
2032,Carrie Nguyen,Sao Tome and Principe,daniel06@yahoo.com,(717)671-1828x2434
2109,Lisa Ball,Kuwait,brandijennings@brown.com,106.411.7022x615
2073,Taylor Sims,Switzerland,fbryant@davis.org,7013460859
2040,David Rodriguez,Honduras,kwells@hotmail.com,001-635-470-9617x5381
2185,Carl Santana,Uganda,brendablack@jackson.biz,119-798-5288x99337
2195,Samuel Ball,Mongolia,vclark@hotmail.com,950-529-4012x3637
2000,Belinda West,Mayotte,melissa07@yahoo.com,459.166.0337
2194,Michelle Andersen,Tonga,ericawilson@harris.org,7185999886
2055,Julie Gay,Heard Island and McDonald Islands,lisa66@gmail.com,+1-675-167-1941x409
2188,Robert Huber,Gambia,andrepollard@hotmail.com,888-142-4910
2093,Melissa Butler,Timor-Leste,danielcaldwell@mcintyre-schneider.com,+1-782-686-9638x43211
2124,Alexis King,United States Minor Outlying Islands,timothymyers@clark.com,351-676-7164x5782
2002,Jacob Patterson,Guam,ann59@solomon-lee.com,102-283-3276
2099,Jeremy Bailey,Monaco,donaldmorton@wells-hartman.com,(041)268-2680x9256
2049,Eric Garcia,Aruba,riverajacqueline@yahoo.com,187-405-2645
2099,Angela Patel,French Guiana,thomasmegan@mckenzie.com,317-059-7382
2093,Luis Zuniga,Ghana,alexandersmith@anderson.info,+1-454-795-4142x2007
2108,Michael Robinson,Antarctica (the territory South of 60 deg S),benjaminlynn@gmail.com,0374974794
2105,Danielle Finley,Timor-Leste,melissa88@reed.com,3689382213
2038,Karen Sharp,Heard Island and McDonald Islands,fitzgeraldmegan@gmail.com,748-599-8877x9034
2021,Anthony Marshall,Honduras,whayes@yahoo.com,(174)198-0805
2119,Adam Soto,Iraq,jacquelinetorres@mitchell.biz,+1-665-265-9644x5101
2166,Alexandria Sellers,Equatorial Guinea,marywoods@horton.info,(151)232-5347x7264
2015,David Robertson,Benin,rachaelhughes@lucero.com,742.302.3345x71313
2093,Samantha Pierce,Ukraine,jonesmeghan@wells.com,(838)332-9527x8459
2091,Julie Miller,Mauritius,michael18@smith-flores.com,066.627.4008x59448
2048,Bryan Williams,Lao People's Democratic Republic,perryanthony@yahoo.com,442-210-6960x22159
2044,Kyle Barnes,China,dannyhensley@hotmail.com,229.970.2329
2111,Joseph Lindsey,Turkey,cgriffin@henderson.com,279-220-3939x969
2001,Thomas Beck,Algeria,kendra07@yahoo.com,(333)706-1950x7983
2188,Michael Cline,Northern Mariana Islands,joshuacraig@thomas.biz,(520)920-9195x4415
2016,Christopher Mcbride,Namibia,mitchell22@meyers.biz,676.528.0800
2083,Joel Santos,Vanuatu,newmancraig@lewis.com,279-431-1200
2181,Tyler Spencer,Togo,jperez@hodge.net,+1-963-136-8299
2111,Samantha Burns,Faroe Islands,xsanders@schultz.com,902.193.3194x9876
2066,Amber Richardson,Kuwait,ashley55@wilkins.info,(333)923-4755x7563
2103,Margaret Jackson,Singapore,cpierce@rogers.com,+1-692-256-7185
2073,Lynn Herman,Japan,oscarmclaughlin@villa.biz,779.497.5960
2186,Amanda Brown,Georgia,zcox@burns.com,+1-091-465-8731x871
2105,Andrew Davis,French Polynesia,terry71@gmail.com,(127)501-9540
2161,Lori Martin,Chad,chughes@berry.org,8466487089
2142,Katrina Cruz,Puerto Rico,joykent@robinson.biz,964.150.9001x62793
2051,Joshua Whitehead,Eritrea,djohnson@gmail.com,001-156-280-6090
2075,Katherine Neal,Palestinian Territory,sotocalvin@hotmail.com,772.852.8791x93555
2067,Jay Vasquez,Maldives,tgallagher@yahoo.com,675.878.8678x017
2125,Jose Fowler,Benin,ylang@ingram.org,+1-364-989-6560x289
2079,Brandon Campbell,Nigeria,amanda72@hotmail.com,001-657-211-6784x8157
2190,William Beasley,Marshall Islands,maureen71@logan-johnson.com,001-912-496-3726x308
2162,Jason Vasquez,Botswana,wilsontrevor@love.com,507-179-6853
2020,Victoria Maxwell,Tunisia,panderson@gmail.com,814.576.0099
2169,Ricardo Davis,Finland,milesrebecca@edwards-wilson.info,+1-032-170-4333x788
2130,Jamie Hughes,Tuvalu,loganjarvis@hotmail.com,+1-998-692-3164
2027,Anthony Oneal,Croatia,raymondconley@gmail.com,001-677-878-3814x45928
2115,Robert Johnson,Palau,matthewwest@stone-roberts.com,7385676730
2100,Maria Knox,Vanuatu,harold31@hotmail.com,3541490670
2095,Thomas Lucas,Panama,jamie22@gmail.com,+1-446-500-9435
2152,Paul Brown,American Samoa,myoung@gmail.com,827.100.4691
